step,time_s,true_x_m,true_y_m,true_theta_rad,odom_x_m,odom_y_m,odom_theta_rad,pf_mean_x_m,pf_mean_y_m,pf_mean_theta_rad,pf_best_x_m,pf_best_y_m,pf_best_theta_rad,pf_best_weight,pf_std_x_m,pf_std_y_m,pf_cov_xx_m2,pf_cov_xy_m2,pf_cov_yy_m2,pf_theta_std_rad,pf_theta_variance,pf_resultant_length,odom_position_error_m,pf_mean_position_error_m,pf_best_position_error_m,odom_angle_error_rad,pf_mean_angle_error_rad,pf_best_angle_error_rad,n_eff,resampled,delta_forward_m,delta_lateral_m,delta_theta_rad
240,1.0,3.0000433539178837,4.999999999725537,-2.0626268671567917e-08,3.0000432320225237,5.0,0.0,3.062654413300883,4.974930574273152,0.0039858516776358896,2.990349965155999,5.079233904307142,-0.025195644976080622,0.029405182142789435,0.2209853324613179,0.24257804910029648,0.04883451716303921,0.001744715663995973,0.05884410990530585,0.049405373198160074,0.0012197010097565464,0.9987802989902435,1.2189566902209243e-07,0.06744346409826639,0.07982464168999447,2.0626268693035854e-08,0.0039858723039043475,0.02519562434981193,73.31593196158536,True,4.323202252365377e-05,0.0,0.0
480,2.0,3.000086793628315,4.9999999997187725,-4.126891176173175e-08,3.0000867390552135,5.0,0.0,3.03765532264294,4.982110470848323,0.0022643796915042457,3.0141985977970194,4.957212835377103,0.007985420675972854,0.0071474186097856265,0.16620533051778894,0.19981072208026013,0.027624211892527457,0.0011869348967985189,0.03992432465823495,0.04315041189031064,0.0009305457966329866,0.999069454203367,5.457382620277286e-08,0.04161045079699772,0.04505423897145432,4.12689118434173e-08,0.0022644209604161247,0.007985461944884698,294.7751835578507,False,4.350703268984901e-05,0.0,0.0
720,3.0,3.561845759308207,4.999912559017184,-0.0008482255357401049,3.8320137203259645,4.999401836770873,-0.0015381313664411624,3.7519234561251236,4.992015675584769,3.959446319276299e-05,3.6743423579214807,5.179541920954454,-0.03117131042012833,0.014243381706332528,0.21043239722390364,0.16529333907295918,0.04428179380139877,-0.0011706984537688018,0.027321887941888254,0.03639736500197005,0.0006621647616313897,0.9993378352383686,0.2701684437489055,0.19024166629623712,0.2119485606687316,0.0006899058307010542,0.0008878199989328373,0.030323084884388063,170.39585431598033,True,0.831926981270751,-0.0005981632291272021,-0.0015381313664413199
960,4.0,4.462883555281029,5.000060568417888,0.0005663496542540487,4.732494437971759,4.998803500756646,-0.0004202474891579876,4.5936262267038215,4.982100983244911,0.0006506323125710883,4.589312413612244,4.99322545355073,-0.0001903829050715622,0.004913002496635809,0.2679100261676463,0.1474592318238668,0.07177578212114892,0.0008563204366883329,0.021744225050084894,0.03381634091956832,0.0005716090258730544,0.999428390974127,0.2696138132299229,0.13197042407431192,0.12661348669940978,0.0009865971434122045,8.428265831694759e-05,0.0007567325593256236,312.1607613758013,False,0.9004805727647354,0.0007867217841058938,0.0011178838772831767
1200,5.0,5.363112092132231,5.002864079450188,0.003828962283124954,5.632686060860688,5.000060854552952,0.002075296248872601,5.367567116675903,4.982815720688722,0.005067978428337497,5.2765535600101146,4.9837360303611264,0.003172341243802723,0.008408503119167025,0.3793164503890198,0.13476788706546472,0.1438809695357257,0.0001229920823155573,0.01816238338408985,0.029862585500622294,0.0004457876135529615,0.999554212386447,0.26958854331338994,0.02053737891536318,0.08864683719732476,0.0017536660342525323,0.0012390161452127124,0.0006566210393224026,224.1395140203584,True,0.9001910149986697,0.0016356569434223202,0.0024955437380307366
1440,6.0,6.262690134202575,5.005737292770173,0.0022026678944750094,6.532101501253565,5.00105308437585,-6.534448398390702e-05,6.129102968980825,4.998117547513294,0.001197591862729041,6.222033399546606,5.083966438908433,-0.008089003227460534,0.004550342371596923,0.47482562849848664,0.13217468861990764,0.22545937747898287,0.0005682485913208186,0.01747014831176954,0.031196268358019523,0.0004864852074117909,0.9995135147925882,0.2694520857305885,0.13380430198526122,0.0881633108407751,0.0022680123784590833,0.0010050760317459329,0.010291671121935408,342.3649010936636,False,0.8994155627371959,-0.0008743244635929458,-0.002140640732856358
1680,7.0,7.143727160799014,4.920919241747059,-0.13241068079021842,7.345796928257974,4.866074317681147,-0.18282048548743518,6.8105901764489305,4.928046388902477,-0.15018871452218363,7.160557681116317,4.864943548458221,-0.1273288405250752,0.014448445256878328,0.5869451031954847,0.12418868554827739,0.34450455416515813,-0.00671631726188269,0.01542282961820892,0.03081573237570066,0.0004746919790207249,0.9995253080209793,0.20938041125356865,0.3332132148766656,0.05845121601230553,0.050409804697216565,0.01777803373196507,0.005081840265143356,176.16942524255086,True,0.8137042453850613,-0.13492559589876982,-0.18275514100345136
1920,8.0,7.413790066046849,4.918577482116002,-0.1512981545341182,7.3458116061383265,4.866071603914602,-0.18282389678378255,6.831765557330068,4.922954723496178,-0.15260634361145464,7.405609097733131,4.929550635061537,-0.16777708335290953,0.004590094767169429,0.6039606383556941,0.12834053620065206,0.3647684526830176,-0.008470377050798377,0.01647129323227088,0.030906743494508074,0.0004774993575955566,0.9995225006424044,0.08589492567803388,0.5820409684799781,0.013687159242010513,0.0315257422496642,0.0013081890773363192,0.016478928818791427,351.69075757115803,False,1.492664398037947e-05,-4.711459470650779e-11,-3.411296347177739e-06
2160,9.0,7.493255302499632,4.837074855484981,-0.9315726245127927,7.527025940814452,4.588485599096925,-1.1775484998838899,6.841276962153451,4.76590131846549,-0.9807221387865438,6.280467603075008,4.878638974208952,-0.9507396468667242,0.22772325107066946,0.6167989391328205,0.15171609421760865,0.38044093131537277,-0.03640372177757875,0.0230177732446463,0.06395797195650563,0.002043220864965667,0.9979567791350343,0.2508726258557455,0.6558516819010421,1.2134997238734633,0.245975875371097,0.04914951427375103,0.01916702235393153,11.222813813644718,True,0.2286613691375297,-0.24001375674510889,-0.9947246031001074
2400,10.0,7.750133902693609,4.635651015503889,-1.4745606552360024,7.868331000985472,3.7565527761905795,-1.1809789117999454,7.109834462599896,4.163001573672148,-1.1028377260830156,6.060878110190797,4.3981813315032285,-1.1723266392382101,0.038550256659610996,0.7179677586878568,0.12896690098958963,0.5154777025152646,-0.020690571844555382,0.016632461550858617,0.03754722945998623,0.0007046488383796179,0.9992953511616204,0.8870086067273402,0.7958522902198482,1.7058654646025508,0.29358174343605725,0.37172292915298666,0.3022340159977923,47.725768606193526,True,0.8992156946660895,-0.0035355895472545806,-0.0034304119160557534
2640,11.0,7.754685354453212,4.599989779198597,-1.570796591258236,8.211048830784327,2.9240877277111945,-1.1795398065038205,6.984187203753947,4.155569668721935,-1.1291942120466971,6.105749881638,4.389060569637469,-1.2259248685040194,0.004708369593246989,0.7357015849596276,0.10018706345805925,0.5412568221121081,-0.024062927645900976,0.01003744768434919,0.04054433001750622,0.0008215836634559714,0.999178416336544,1.736926972762155,0.8894811042552143,1.6623715965314156,0.3912567847544155,0.4416023792115391,0.34487172275421685,345.755761676067,False,0.9002517095616074,0.0006536308017117132,0.0014391052961251205
2880,12.0,7.732487735426722,4.719049714005558,-1.0582993528005387,8.212479339282565,2.920690011965484,-0.30424121117622055,9.027438753975709,3.5249617763833614,-0.0762802693628532,9.027483602760428,3.5249476933252595,-0.07627257763932072,0.9999768069207945,0.009739910157195867,0.002953774057425572,9.486584987024722e-05,-2.7875915197248308e-05,8.724781182320325e-06,0.0016620700947401975,1.3812375460053872e-06,0.999998618762454,1.861313933138031,1.761460798092279,1.7615033159787552,0.7540581416243182,0.9820190834376854,0.9820267751612182,1.0000463876951664,True,0.0036864772764621267,2.6685994607720002e-05,0.8752985953275996
3120,13.0,7.731892546048171,4.71754059994093,-0.08329571619989967,8.212602612630139,2.9207110124278586,0.6953428121848014,9.075018717606598,3.501362900933786,0.8709853117414506,9.03331910069439,3.4528709396086397,0.7139811938997114,0.0320311372103906,0.041148487284233676,0.044444279183844394,0.0016931980057807404,0.00034775908912194236,0.0019752939521715043,0.08596713825912979,0.0036883556746133417,0.9963116443253867,1.8600211651149658,1.8119260769378833,1.8146901738046963,0.7786385283847013,0.9542810279413505,0.7972769100996109,176.78881022462812,True,0.00011132086777632344,5.696491937694077e-05,0.999584023361022
3360,14.0,7.84085883864158,4.840794673244437,0.9802315983911878,8.284850512122793,3.4011525302157612,1.6516180242633736,9.072491008176303,3.6015273434340744,1.7467283165849012,9.046416761208361,3.457261020493353,1.5971609306868793,0.05390261668929655,0.050694728569546564,0.16840585095443616,0.0025699555047400003,0.0017312402674858015,0.028360530635687765,0.11637957006673469,0.0067492231560565275,0.9932507768439435,1.5065517269927526,1.747198132945464,1.8350845410929408,0.6713864258721856,0.7664967181937135,0.6169293322956912,69.68215166108986,True,0.3632686364986029,0.32261386940410686,0.9562752120785722
3600,15.0,8.144835804586153,5.284230939966369,1.1040659131282817,8.518202390627636,4.241147557457809,0.9755321631971934,9.106155694023133,4.656113108926393,1.2128190707620865,9.090173403543698,4.914809888693697,1.1834629828952892,0.05153108315444408,0.10641215138493558,0.2207991839257191,0.011323545962370448,0.0047456856698679575,0.048752279622263535,0.07160967799846818,0.0025606888202133193,0.9974393111797867,1.107892391181459,1.1483326780587115,1.0149557079627771,0.12853374993108835,0.10875315763380478,0.07939706976700744,49.94281705582814,True,0.8184136658811648,-0.30040608597706536,-0.6760858610661802
3840,16.0,8.185559068003807,5.2897320183070935,0.36448680347474244,8.520148033002615,4.2441440007152345,0.054961219279733554,9.10247858102721,4.79672819102834,0.41668581333261134,9.195179488988098,4.814285570473335,0.45332830422479997,0.05798549084874172,0.10588468156829577,0.12243783609166926,0.011211565790819394,0.0010449112555340884,0.014991023706810469,0.045167731912940844,0.0010195419166897368,0.9989804580833103,1.0978178710654365,1.041054353564008,1.1159671676291536,0.30952558419500864,0.05219900985786907,0.08884150075005737,35.01444450183317,True,0.0035720314155033702,6.919546910148962e-05,-0.9205709439174599
4080,17.0,8.589402203709085,5.264045637227366,-0.38103720519366324,9.415551250589628,4.289488664760376,0.050326047407626015,9.495255166041538,4.827710993975659,0.38345139971731335,9.310940204200717,4.679159362014306,0.3253566825385503,0.07883783435166339,0.33118628225066765,0.17933546603765982,0.10968435355101891,0.036019948932735135,0.032161209378944636,0.06355869682299052,0.0020178154386299996,0.99798218456137,1.2776085238623198,1.005463828423517,0.9288213181694693,0.4313632526012894,0.7644886049109765,0.7063938877322133,45.40409099543451,True,0.8965421132890984,-0.003911485863498015,-0.004635171872107602
4320,18.0,9.348116464329882,5.001426028097782,0.038123638302870216,10.22948094273315,4.5981570541486985,0.8421877394737225,9.29672364271213,4.999862438919093,1.343182341607199,9.240714990524461,4.9444184545139604,1.3371698735427309,0.7161000174743013,0.13450077260397703,0.19604317580508177,0.018090457831066737,0.0225385238915081,0.0384329267797422,0.0492055084228085,0.0012098585598566691,0.9987901414401433,0.9692415638740491,0.05141660164726699,0.12159333872170541,0.8040641011708525,1.3050587033043293,1.2990462352398602,1.8875880390228985,True,0.8284266889211016,0.26733301225933775,0.7918616920660964
4560,19.0,10.16342883030994,5.198511741960773,0.29673436782263923,10.827232222060129,5.271062434540635,0.8433353746297805,9.276164887354916,5.360175857651134,1.3706536959095217,9.240114937044345,5.177225024277691,1.4370318406303788,0.07386017807883319,0.08757703124045109,0.40168207849059684,0.007669736400890946,0.01950293796713012,0.16134849218052602,0.047359232874086596,0.0011208198808748682,0.9988791801191251,0.6677563521920798,0.9018717152511444,0.9235592400311904,0.5466010068071414,1.0739193280868822,1.14029747280774,47.171526311118626,True,0.9000577781330421,0.002058863683570611,0.00114763515605798
4800,20.0,10.805269442737183,5.310887079775413,0.26413419976146635,11.106209594236983,5.509669022561204,0.6686412855726823,9.258162818483424,5.495458426972595,1.260846336806105,9.207137383070242,5.478933728374907,1.3202277126818789,0.03986618447301231,0.07973573736677442,0.3456235167447152,0.0063577878134232265,0.012628738725099668,0.11945561532698441,0.053497041339469156,0.0014299433713494958,0.9985700566286505,0.3606649907634731,1.5580774977567853,1.6069429847511147,0.4045070858112161,0.9967121370446383,1.0560935129204125,78.6197762066347,True,0.3637200647751227,-0.04969097014046964,-0.17469408905709827
5040,21.0,10.998166415824977,5.312059790935561,-0.06873778013111345,11.53230503719274,5.676487374814727,0.37335961828633857,9.265527766649715,5.688636808353175,1.1045804961200003,9.173317261647236,5.433374580399621,1.1315838442192812,0.582857579138416,0.12030025055780962,0.34379399570736136,0.014472150284271772,0.033288585653118936,0.11819431148443321,0.049034596141871216,0.001201473461513003,0.998798526538487,0.6466154426926879,1.7730896589465026,1.8288771729249416,0.4420973984174519,1.1733182762511136,1.2003216243503942,2.848981705521012,True,0.437756150132217,-0.1332487980345915,-0.29528166728634364
5280,22.0,11.822214634709892,5.179548216467619,-0.19737786775220675,12.265263950624007,5.964348609892978,0.37405242784052684,9.212277932331968,5.61064292144087,1.1768652065213803,9.25001735662278,5.601959997672534,1.214502045199768,0.1870123787536758,0.09800120206918848,0.22023818978048623,0.009604235607005913,0.01614032567172175,0.04850486023778547,0.03217617661486791,0.0005175192114887928,0.9994824807885112,0.9012238089689835,2.645300027421337,2.606651213779752,0.5714302955927337,1.3742430742735872,1.4118799129519743,13.588720686541818,True,0.7874594521090029,0.000686092784039527,0.0006928095541880452
5520,23.0,12.019045317270434,5.177297208079844,-0.22353485653432612,12.26525019190732,5.9643432091482405,0.37405242784052684,9.182639045703867,5.521787185976501,1.2043880310829584,9.146823256377127,5.437472181242555,1.2308247499606928,0.011696535619631484,0.07765402050270112,0.14007567110860478,0.006030146900233926,0.004711519986486297,0.019621193636526015,0.03803242499389978,0.0007229712057451598,0.9992770287942548,0.8246564424611734,2.8572493559809216,2.883981723891886,0.5975872843748529,1.4279228876172843,1.4543596064950188,267.6433747313254,False,-1.4780741814614287e-05,-1.8578651258486373e-15,0.0
5760,24.0,11.483434273299547,5.395826192153985,-0.29651675741343536,11.430815132051764,5.637247435546632,0.3720771301302023,9.140653663366209,5.213858347481174,1.2215408447963176,9.152339735133722,5.28731140709687,1.2098778234902339,0.07848427598528888,0.087041478061602,0.2879161511061833,0.007576218903148343,0.011437915773746483,0.08289571006779858,0.03742364333607422,0.0007000194122811498,0.9992999805877189,0.24708903412921016,2.34983686301294,2.333618907285963,0.6685938875436377,1.518057602209753,1.5063945809036694,36.40857916220662,True,-0.8962551762467881,0.00041626316093701377,-0.001975297710324675
6000,25.0,11.001212390098708,5.479625252281897,-0.21722011402591634,10.672281141955708,5.481877028644764,0.011364596958338665,8.923627695806434,4.748127096620931,1.0328767039115103,9.042439971836599,4.7966427344823686,1.0716416843176617,0.5504280044303133,0.1893656330496344,0.19080716593955357,0.0358593429802888,0.01764321850004378,0.036407374573884335,0.06486761997752866,0.0021016924059344966,0.9978983075940655,0.32893895558553166,2.2026002164925242,2.074428718024356,0.22858471098425515,1.2500968179374272,1.2888617983435786,3.0681465397054413,True,-0.7631158048590408,0.1310268897831089,-0.36071253317186347
6240,26.0,10.857380186420704,5.479585534221339,-0.21825078023477384,9.77487594758645,5.471357413682498,0.011291203980544492,9.011607876007734,4.778427144764036,1.1397092745258748,8.983357542102468,4.854562861163908,1.1389960436222166,0.1864906992813633,0.07515808550135246,0.1305680858568626,0.0056487378162286064,0.004323399355576175,0.01704802504432505,0.015459291745030308,0.00011948771140368741,0.9998805122885963,1.082535509376819,1.9744615744535505,1.9755035341029819,0.22954198421531835,1.3579600547606487,1.3572468238569906,8.867398722093391,True,-0.8974667918398147,-0.0003205068331343999,-7.339297779429543e-05
6480,27.0,10.727171547457736,5.479595965877744,-0.2178571185653036,9.113199217166795,5.743315552068074,-0.7298526356772508,8.545237319139511,4.166808333124346,0.222671700815367,8.573232043375723,4.104852765708887,0.2144621424232933,0.607219548811758,0.06544769120478636,0.0844771090143989,0.004283400284037069,-0.0029846323704272658,0.007136381947430635,0.020024149576424698,0.00020046318769906257,0.9997995368123009,1.6353760127521657,2.546418729395642,2.555264028169218,0.5119955171119472,0.44052881938067046,0.4323192609885971,2.4531625597575806,True,-0.6585638822922552,0.2794117706059391,-0.7411438396577954
6720,28.0,10.61679680289627,5.479585584927999,-0.2182515457275625,8.56263736482779,6.429984457523164,-1.3042899196152526,7.751129462104961,4.46743181264618,-0.2292158844520868,7.9025633553243075,4.493856532983187,-0.23833009494371904,0.6327128505751851,0.2026956181933247,0.036462629826591986,0.041085513634774064,0.006489073722038039,0.0013295233738710754,0.012229501648593762,7.477755930540564e-05,0.9999252224406946,2.263366743158513,3.0391618197822643,2.8876850541162544,1.08603837388769,0.010964338724524403,0.02007854921615637,1.9164923475875195,True,-0.8681619328745087,0.1446630473806121,-0.5744372839380016
6960,29.0,10.941842442462605,5.380525578215469,-0.23875107104634827,8.640766865492296,6.01722167001435,-1.382848179088838,8.116062562616923,4.479800433184899,-0.21565174003715,8.248023168824908,4.489816687741801,-0.207128719095528,0.41628291685661417,0.2048776808748355,0.05788028527372078,0.041974864120650934,0.0035201993420916925,0.0033501274233672983,0.014856250937027657,0.00011034800716269721,0.9998896519928373,2.3875365388285075,2.965862052798649,2.8372565281607445,1.1440971080424898,0.023099331009198032,0.03162235195082008,3.865409748034932,True,0.41876737017495763,-0.03333507616433129,-0.07855825947358541
7200,30.0,11.81227513514557,5.161833366450665,-0.24865566548980603,8.758819416579918,5.124900097904597,-1.4411919205102266,8.773362220950872,4.3907500216909705,-0.18194684100024697,8.437328849237392,4.512298257550282,-0.19741053390303076,0.15624483645782483,0.3584942771066165,0.1195834718227811,0.12851814671819556,-0.03080217820238724,0.014300206733189883,0.039205430690902,0.0007682376520622425,0.9992317623479378,3.0536790747501255,3.1352131067321585,3.436882059434051,1.1925362550204206,0.06670882448955906,0.05124513158677546,12.861419702311586,True,0.8986648623413556,-0.05075094150564846,-0.05834374142138854
7440,31.0,12.682556363233784,4.93879133618348,-0.2543195826327326,8.873925461373956,4.2630964993043765,-1.4385571801530113,8.98921275256935,4.436713238053116,-0.18095070944972186,8.325909077828003,4.499547184137343,-0.19624840020575274,0.03105917329784625,0.532136032577478,0.1080130996790808,0.28316875716729867,-0.0353200103758359,0.011666829702283048,0.034059630838324674,0.0005798610419885941,0.9994201389580114,3.8681045563927934,3.727313971623267,4.37873394881903,1.1842375975202786,0.07336887318301066,0.05807118242697973,96.89063226528222,True,0.8694522580381705,0.0027595471989032283,0.002634740357215115
7680,32.0,12.962135085527654,4.919854858404019,-0.29351529198824544,8.87392348772088,4.263111337082366,-1.4385571801530113,8.54435835299753,4.5174797664524355,-0.21989730338421207,8.30955402530684,4.553027791328034,-0.23772128103589774,0.014732588910093799,0.3291301194192698,0.07794519478857304,0.10832663550894278,-0.010674341683038508,0.006075453390628593,0.03292648503013794,0.0005419298111855042,0.9994580701888145,4.140626295772148,4.436063229160241,4.667019672024643,1.1450418881647657,0.07361798860403335,0.055794010952347595,164.43926782831363,True,-1.496846559020826e-05,8.27315036681757e-15,0.0
7920,33.0,12.696331237890393,5.0908829818025865,-0.38210720474329124,8.7899375677771,4.891206335595578,-1.4373515848146454,7.952196605281317,4.692993457550143,-0.280080947547362,7.96261697345206,4.7424979321108545,-0.3003938980300087,0.02627156253853044,0.29226195996101656,0.10851378993062454,0.08541705324025484,-0.015820923205485962,0.011775242605107712,0.03364845886154396,0.0005659491821902174,0.9994340508178098,3.9114936110061174,4.760790846679854,4.746516920879526,1.055244380071354,0.10202625719592939,0.08171330671328247,119.13767186882673,True,-0.6336850732113695,-0.0004357696832719554,0.001205595338365839
8160,34.0,11.813932474153058,5.227613446679376,0.01354093907398658,8.381626567771606,5.683172151323478,-0.9964545741716675,7.114251861959817,4.736105800298363,0.11298045662835025,6.747870237239112,5.023680571132326,0.03473396247877947,0.020846491682843814,0.35037970093795767,0.13024602490429507,0.12276593482937267,-0.009166764336634589,0.016964027003370255,0.04036080662516231,0.0008141657427843674,0.9991858342572156,3.462406326293609,4.725312436556554,5.070165205002143,1.009995513245654,0.09943951755436364,0.02119302340479301,166.74994177185548,True,-0.8392501955287713,-0.29931060006615695,0.4408970106429777
8400,35.0,10.913770983887824,5.216813400155038,0.010846081587250776,7.8934344414466056,6.439440519787911,-0.9983935523330539,6.317206503471543,4.769303048982104,0.08636572177115176,5.9246088632110725,5.134527955463977,0.0006830671133881694,0.011843802540669614,0.454509909219853,0.15610342188467513,0.20657925757903903,-0.007227039527101211,0.024368278324104868,0.0403962731236019,0.0008155966612263255,0.9991844033387737,3.2584121751656205,4.61829736342643,4.989840634810268,1.0092396339203047,0.0755196401839009,0.010163014473862475,245.3924416924277,True,-0.9001513130630319,0.0010054533702968937,-0.0019389781613865509
8640,36.0,10.014602390048465,5.207108493244223,0.0116278314663806,7.406101781716103,7.19548814873361,-0.997611320481327,5.4831661066374995,4.82957975460008,0.07200051560759957,5.139622556486018,5.171213238915798,0.0045268986349005225,0.008542294760001942,0.5160340686599421,0.18382907088943018,0.26629116001773384,-0.012165400639602999,0.03379312730407115,0.041597281924415454,0.0008647927827479807,0.999135207217252,3.2799282123294096,4.547135663152752,4.875111983013707,1.0092391519477077,0.06037268414121888,0.007100932831479945,275.64020302970107,False,-0.8995004834356584,-0.00013701619225370276,0.0007822318517272109
8880,37.0,9.114433289550078,5.196014722864737,0.013725235640801543,6.9173771598534834,7.951771264142419,-0.9963873659072663,4.678269822014138,4.884072012195915,0.06264696081142072,4.293994451543411,5.225241692932622,0.02151165304381797,0.022390348728027153,0.564197067348256,0.1904494157852761,0.3183183308043726,-0.008250279873742924,0.03627097997295298,0.03651396524770811,0.0006664126774251766,0.9993335873225748,3.524379342782515,4.447117556962027,4.820527440720819,1.0101126015480677,0.0489217251706191,0.0077864174030164435,127.01242856899454,True,-0.9004530420095049,-0.00047518737619373086,0.0012239545740606594
9120,38.0,8.324248769543793,5.188550246827395,0.014211289779975647,6.630079341555967,8.395899057522382,-0.9969436867837325,4.359115389456118,4.935796834556177,0.05140742295976799,3.978663296874676,5.189225959378417,0.0009934302255145688,0.007654408631023893,0.5160048592306259,0.190170037598338,0.26626101474961805,-0.0006295888684478218,0.03616464320015329,0.04072854976261963,0.0008290635196538387,0.9991709364803462,3.6272987806624286,3.9731809686069237,4.345585525203747,1.011154976563708,0.03719613317979231,0.013217859554460976,293.239469042919,False,-0.528951338512179,0.00012139704186078792,-0.0005563208764662875
9360,39.0,8.270146608666384,5.188549587870831,0.01263788631045737,6.6300634153345985,8.395923695104997,-0.9969421897231118,4.441866661969572,4.991336190913655,0.04245707782225603,3.978663296874676,5.189225959378417,0.0009934302255145688,0.016402771963541108,0.471239961652839,0.17309246442109394,0.22206710145856917,0.0016144924802695849,0.029961001239367673,0.03590040358843919,0.0006442118952624254,0.9993557881047376,3.60237720745698,3.8333562936701218,4.29148336509244,1.0095800760335694,0.02981919151179868,0.01164445608494269,160.83803102127388,True,-2.9336922200943785e-05,-4.779752110192813e-11,1.4970606208031256e-06
